{
  "locale": "en-US",
  "timezone": "UTC-08:00",
  "country": "US",
  "postalAddress": [
    "88 West Plumeria Dr",
    "San Jose, CA 95134"
  ],
  "merchantName": "ACME",
  "geoLocationLatitude": -77.00889,
  "geoLocationLongitude": 103.08,
  "geoLocationAltitude": 348.5,
  "paymentStackName": "Regions Banking",
  "paymentStackVersion": "1.0",
  "DCCSupport": false,
  "barcodeReader": true,
  "printer": {
    "printerType": "GRAPHICS",
    "printerColWidth": 42,
    "printerFontWidth": 6,
    "printerPixelWidth": 256
  },
  "beacon": [
    "IBEACON",
    "EDDYSTONE"
  ],
  "triggerSchemaVersion": "4.6.0",
  "APISchemaVersion": "4.6.0",
  "POS": true
}