{
  "API": {
    "CP_App_Version": "1.0.0",
    "CP_App_Name": "6911c8a90",
    "Payload": {
      "Card_Type": "CTLS_PHONE",
      "Card_Status": "NON_PCI_CARD",
      "PAN_Last4": "0012",
      "Error_Description": "",
      "Card_Holder_Name": "David Daniel Alper",
      "Card_Expiry": "12/22",
      "PAN_Handle": "9829898298298",
      "Card_Track1": "%B5780979600000012 David Daniel Alper 2212101000000000000000650300000?",
      "Card_Track2": "5780979600000012\u003d22121010000065030000",
      "Result": "OK",
      "Card_Track3": "",
      "Card_PAN": "5780979600000012"
    },
    "CP_App_Id": "6911c8a90-207436640",
    "Name": "CP_APP_RECEIVES_CARD_DATA",
    "Handle": "handle"
  }
}